WellName,XCoord,YCoord,Aquifer,CoordUnits
MW-01,97.43027367,57.81087922,,metres
MW-02,85.56871714,50.63877527,,
MW-03,22.95073264,74.63773849,,
MW-04,83.63776607,81.25814213,,
MW-05,42.26024328,114.6360105,,
MW-06,62.39730437,44.57007192,,
MW-07,126.1186895,72.43093727,,
MW-08,126.9462399,104.1537047,,
MW-09,141.8421481,42.08742056,,
MW-10,111.4986314,23.05376007,,
MW-11,88.0513685,7.882001714,,
